revision,benchmark,nrun,time
9a603f7f273de443008eaffff70aaea5390eb2ad,DSQ032,0,0.453918
9a603f7f273de443008eaffff70aaea5390eb2ad,DSQ032,1,0.440428
9a603f7f273de443008eaffff70aaea5390eb2ad,DSQ032,2,0.447629
9a603f7f273de443008eaffff70aaea5390eb2ad,DSQ032,3,0.442592
9a603f7f273de443008eaffff70aaea5390eb2ad,DSQ032,4,0.442494
9a603f7f273de443008eaffff70aaea5390eb2ad,PointQueryWithIndexART,0,0.000114
9a603f7f273de443008eaffff70aaea5390eb2ad,PointQueryWithIndexART,1,0.000113
9a603f7f273de443008eaffff70aaea5390eb2ad,PointQueryWithIndexART,2,0.00011
9a603f7f273de443008eaffff70aaea5390eb2ad,PointQueryWithIndexART,3,0.00011
9a603f7f273de443008eaffff70aaea5390eb2ad,PointQueryWithIndexART,4,0.000123
9a603f7f273de443008eaffff70aaea5390eb2ad,SELECT1Memory,0,1.313318
9a603f7f273de443008eaffff70aaea5390eb2ad,SELECT1Memory,1,1.317051
9a603f7f273de443008eaffff70aaea5390eb2ad,SELECT1Memory,2,1.318212
9a603f7f273de443008eaffff70aaea5390eb2ad,SELECT1Memory,3,1.316462
9a603f7f273de443008eaffff70aaea5390eb2ad,SELECT1Memory,4,1.316848
9a603f7f273de443008eaffff70aaea5390eb2ad,DSQ003,0,0.07909
9a603f7f273de443008eaffff70aaea5390eb2ad,DSQ003,1,0.076722
9a603f7f273de443008eaffff70aaea5390eb2ad,DSQ003,2,0.076968
9a603f7f273de443008eaffff70aaea5390eb2ad,DSQ003,3,0.078653
9a603f7f273de443008eaffff70aaea5390eb2ad,DSQ003,4,0.07829
9a603f7f273de443008eaffff70aaea5390eb2ad,Append100KIntegersCOPYPrimary,0,0.047766
9a603f7f273de443008eaffff70aaea5390eb2ad,Append100KIntegersCOPYPrimary,1,0.047452
9a603f7f273de443008eaffff70aaea5390eb2ad,Append100KIntegersCOPYPrimary,2,0.044452
9a603f7f273de443008eaffff70aaea5390eb2ad,Append100KIntegersCOPYPrimary,3,0.044396
9a603f7f273de443008eaffff70aaea5390eb2ad,Append100KIntegersCOPYPrimary,4,0.044388
9a603f7f273de443008eaffff70aaea5390eb2ad,DSQ034,0,0.45859
9a603f7f273de443008eaffff70aaea5390eb2ad,DSQ034,1,0.450869
9a603f7f273de443008eaffff70aaea5390eb2ad,DSQ034,2,0.452757
9a603f7f273de443008eaffff70aaea5390eb2ad,DSQ034,3,0.448191
9a603f7f273de443008eaffff70aaea5390eb2ad,DSQ034,4,0.46203
9a603f7f273de443008eaffff70aaea5390eb2ad,DSQ062,0,1.213904
9a603f7f273de443008eaffff70aaea5390eb2ad,DSQ062,1,1.225425
9a603f7f273de443008eaffff70aaea5390eb2ad,DSQ062,2,1.227933
9a603f7f273de443008eaffff70aaea5390eb2ad,DSQ062,3,1.217345
9a603f7f273de443008eaffff70aaea5390eb2ad,DSQ062,4,1.221816
9a603f7f273de443008eaffff70aaea5390eb2ad,DSQ080,0,0.061233
9a603f7f273de443008eaffff70aaea5390eb2ad,DSQ080,1,0.06167
9a603f7f273de443008eaffff70aaea5390eb2ad,DSQ080,2,0.060992
9a603f7f273de443008eaffff70aaea5390eb2ad,DSQ080,3,0.058495
9a603f7f273de443008eaffff70aaea5390eb2ad,DSQ080,4,0.058529
9a603f7f273de443008eaffff70aaea5390eb2ad,DSQ103,0,1.637254
9a603f7f273de443008eaffff70aaea5390eb2ad,DSQ103,1,1.617799
9a603f7f273de443008eaffff70aaea5390eb2ad,DSQ103,2,1.640186
9a603f7f273de443008eaffff70aaea5390eb2ad,DSQ103,3,1.623327
9a603f7f273de443008eaffff70aaea5390eb2ad,DSQ103,4,1.643547
9a603f7f273de443008eaffff70aaea5390eb2ad,DSQ088,0,5.474588
9a603f7f273de443008eaffff70aaea5390eb2ad,DSQ088,1,5.517104
9a603f7f273de443008eaffff70aaea5390eb2ad,DSQ088,2,5.473388
9a603f7f273de443008eaffff70aaea5390eb2ad,DSQ088,3,5.210956
9a603f7f273de443008eaffff70aaea5390eb2ad,DSQ088,4,5.221868
9a603f7f273de443008eaffff70aaea5390eb2ad,DSQ028,0,0.19728
9a603f7f273de443008eaffff70aaea5390eb2ad,DSQ028,1,0.191295
9a603f7f273de443008eaffff70aaea5390eb2ad,DSQ028,2,0.189856
9a603f7f273de443008eaffff70aaea5390eb2ad,DSQ028,3,0.1979
9a603f7f273de443008eaffff70aaea5390eb2ad,DSQ028,4,0.196923
9a603f7f273de443008eaffff70aaea5390eb2ad,DSQ017,0,0.863901
9a603f7f273de443008eaffff70aaea5390eb2ad,DSQ017,1,0.839153
9a603f7f273de443008eaffff70aaea5390eb2ad,DSQ017,2,0.836247
9a603f7f273de443008eaffff70aaea5390eb2ad,DSQ017,3,0.848845
9a603f7f273de443008eaffff70aaea5390eb2ad,DSQ017,4,0.83645
9a603f7f273de443008eaffff70aaea5390eb2ad,IndexCreationART,0,T
9a603f7f273de443008eaffff70aaea5390eb2ad,DSQ022,0,0.933752
9a603f7f273de443008eaffff70aaea5390eb2ad,DSQ022,1,0.922135
9a603f7f273de443008eaffff70aaea5390eb2ad,DSQ022,2,0.929125
9a603f7f273de443008eaffff70aaea5390eb2ad,DSQ022,3,0.931692
9a603f7f273de443008eaffff70aaea5390eb2ad,DSQ022,4,0.925383
9a603f7f273de443008eaffff70aaea5390eb2ad,Append100KIntegersPREPARED,0,1.454114
9a603f7f273de443008eaffff70aaea5390eb2ad,Append100KIntegersPREPARED,1,1.452599
9a603f7f273de443008eaffff70aaea5390eb2ad,Append100KIntegersPREPARED,2,1.449526
9a603f7f273de443008eaffff70aaea5390eb2ad,Append100KIntegersPREPARED,3,1.45539
9a603f7f273de443008eaffff70aaea5390eb2ad,Append100KIntegersPREPARED,4,1.443677
9a603f7f273de443008eaffff70aaea5390eb2ad,Q03,0,0.442729
9a603f7f273de443008eaffff70aaea5390eb2ad,Q03,1,0.446422
9a603f7f273de443008eaffff70aaea5390eb2ad,Q03,2,0.451627
9a603f7f273de443008eaffff70aaea5390eb2ad,Q03,3,0.43681
9a603f7f273de443008eaffff70aaea5390eb2ad,Q03,4,0.449284
9a603f7f273de443008eaffff70aaea5390eb2ad,DSQ031,0,0.680094
9a603f7f273de443008eaffff70aaea5390eb2ad,DSQ031,1,0.673146
9a603f7f273de443008eaffff70aaea5390eb2ad,DSQ031,2,0.673223
9a603f7f273de443008eaffff70aaea5390eb2ad,DSQ031,3,0.676779
9a603f7f273de443008eaffff70aaea5390eb2ad,DSQ031,4,0.670522
9a603f7f273de443008eaffff70aaea5390eb2ad,SELECT1Disk,0,1.270785
9a603f7f273de443008eaffff70aaea5390eb2ad,SELECT1Disk,1,1.270072
9a603f7f273de443008eaffff70aaea5390eb2ad,SELECT1Disk,2,1.269714
9a603f7f273de443008eaffff70aaea5390eb2ad,SELECT1Disk,3,1.276708
9a603f7f273de443008eaffff70aaea5390eb2ad,SELECT1Disk,4,1.263466
9a603f7f273de443008eaffff70aaea5390eb2ad,Append100KIntegersCOPYDisk,0,0.035115
9a603f7f273de443008eaffff70aaea5390eb2ad,Append100KIntegersCOPYDisk,1,0.034153
9a603f7f273de443008eaffff70aaea5390eb2ad,Append100KIntegersCOPYDisk,2,0.038951
9a603f7f273de443008eaffff70aaea5390eb2ad,Append100KIntegersCOPYDisk,3,0.033351
9a603f7f273de443008eaffff70aaea5390eb2ad,Append100KIntegersCOPYDisk,4,0.03517
9a603f7f273de443008eaffff70aaea5390eb2ad,DSQ082,0,0.896191
9a603f7f273de443008eaffff70aaea5390eb2ad,DSQ082,1,0.90261
9a603f7f273de443008eaffff70aaea5390eb2ad,DSQ082,2,0.89945
9a603f7f273de443008eaffff70aaea5390eb2ad,DSQ082,3,0.915128
9a603f7f273de443008eaffff70aaea5390eb2ad,DSQ082,4,0.900475
9a603f7f273de443008eaffff70aaea5390eb2ad,Append100KIntegersINSERT,0,1.856488
9a603f7f273de443008eaffff70aaea5390eb2ad,Append100KIntegersINSERT,1,1.848442
9a603f7f273de443008eaffff70aaea5390eb2ad,Append100KIntegersINSERT,2,1.860619
9a603f7f273de443008eaffff70aaea5390eb2ad,Append100KIntegersINSERT,3,1.867108
9a603f7f273de443008eaffff70aaea5390eb2ad,Append100KIntegersINSERT,4,1.873502
9a603f7f273de443008eaffff70aaea5390eb2ad,DSQ042,0,2.009493
9a603f7f273de443008eaffff70aaea5390eb2ad,DSQ042,1,1.988377
9a603f7f273de443008eaffff70aaea5390eb2ad,DSQ042,2,2.010047
9a603f7f273de443008eaffff70aaea5390eb2ad,DSQ042,3,2.012994
9a603f7f273de443008eaffff70aaea5390eb2ad,DSQ042,4,2.008035
9a603f7f273de443008eaffff70aaea5390eb2ad,Append100KIntegersINSERTPrimary,0,2.148056
9a603f7f273de443008eaffff70aaea5390eb2ad,Append100KIntegersINSERTPrimary,1,2.149399
9a603f7f273de443008eaffff70aaea5390eb2ad,Append100KIntegersINSERTPrimary,2,2.145664
9a603f7f273de443008eaffff70aaea5390eb2ad,Append100KIntegersINSERTPrimary,3,2.135731
9a603f7f273de443008eaffff70aaea5390eb2ad,Append100KIntegersINSERTPrimary,4,2.141924
9a603f7f273de443008eaffff70aaea5390eb2ad,DSQ016,0,0.066482
9a603f7f273de443008eaffff70aaea5390eb2ad,DSQ016,1,0.065971
9a603f7f273de443008eaffff70aaea5390eb2ad,DSQ016,2,0.065776
9a603f7f273de443008eaffff70aaea5390eb2ad,DSQ016,3,0.067741
9a603f7f273de443008eaffff70aaea5390eb2ad,DSQ016,4,0.065402
9a603f7f273de443008eaffff70aaea5390eb2ad,Q19,0,0.580023
9a603f7f273de443008eaffff70aaea5390eb2ad,Q19,1,0.60243
9a603f7f273de443008eaffff70aaea5390eb2ad,Q19,2,0.62369
9a603f7f273de443008eaffff70aaea5390eb2ad,Q19,3,0.600023
9a603f7f273de443008eaffff70aaea5390eb2ad,Q19,4,0.598785
9a603f7f273de443008eaffff70aaea5390eb2ad,WriteLineitemCSV,0,3.679607
9a603f7f273de443008eaffff70aaea5390eb2ad,WriteLineitemCSV,1,1.981947
9a603f7f273de443008eaffff70aaea5390eb2ad,WriteLineitemCSV,2,2.050095
9a603f7f273de443008eaffff70aaea5390eb2ad,WriteLineitemCSV,3,1.98613
9a603f7f273de443008eaffff70aaea5390eb2ad,WriteLineitemCSV,4,2.045749
9a603f7f273de443008eaffff70aaea5390eb2ad,DSQ043,0,2.021106
9a603f7f273de443008eaffff70aaea5390eb2ad,DSQ043,1,2.020076
9a603f7f273de443008eaffff70aaea5390eb2ad,DSQ043,2,2.02644
9a603f7f273de443008eaffff70aaea5390eb2ad,DSQ043,3,2.024605
9a603f7f273de443008eaffff70aaea5390eb2ad,DSQ043,4,2.037315
9a603f7f273de443008eaffff70aaea5390eb2ad,Q05,0,0.725837
9a603f7f273de443008eaffff70aaea5390eb2ad,Q05,1,0.723553
9a603f7f273de443008eaffff70aaea5390eb2ad,Q05,2,0.729569
9a603f7f273de443008eaffff70aaea5390eb2ad,Q05,3,0.726155
9a603f7f273de443008eaffff70aaea5390eb2ad,Q05,4,0.726339
9a603f7f273de443008eaffff70aaea5390eb2ad,DSQ076,0,T
9a603f7f273de443008eaffff70aaea5390eb2ad,DSQ100,0,0.094424
9a603f7f273de443008eaffff70aaea5390eb2ad,DSQ100,1,0.098766
9a603f7f273de443008eaffff70aaea5390eb2ad,DSQ100,2,0.095627
9a603f7f273de443008eaffff70aaea5390eb2ad,DSQ100,3,0.095743
9a603f7f273de443008eaffff70aaea5390eb2ad,DSQ100,4,0.095493
9a603f7f273de443008eaffff70aaea5390eb2ad,DSQ025,0,4.852025
9a603f7f273de443008eaffff70aaea5390eb2ad,DSQ025,1,4.880684
9a603f7f273de443008eaffff70aaea5390eb2ad,DSQ025,2,4.864126
9a603f7f273de443008eaffff70aaea5390eb2ad,DSQ025,3,4.853397
9a603f7f273de443008eaffff70aaea5390eb2ad,DSQ025,4,4.86766
9a603f7f273de443008eaffff70aaea5390eb2ad,SimpleGroupByAggregate,0,0.144697
9a603f7f273de443008eaffff70aaea5390eb2ad,SimpleGroupByAggregate,1,0.148386
9a603f7f273de443008eaffff70aaea5390eb2ad,SimpleGroupByAggregate,2,0.146144
9a603f7f273de443008eaffff70aaea5390eb2ad,SimpleGroupByAggregate,3,0.146274
9a603f7f273de443008eaffff70aaea5390eb2ad,SimpleGroupByAggregate,4,0.146536
9a603f7f273de443008eaffff70aaea5390eb2ad,DSQ004,0,4.217479
9a603f7f273de443008eaffff70aaea5390eb2ad,DSQ004,1,4.218488
9a603f7f273de443008eaffff70aaea5390eb2ad,DSQ004,2,4.217304
9a603f7f273de443008eaffff70aaea5390eb2ad,DSQ004,3,4.248454
9a603f7f273de443008eaffff70aaea5390eb2ad,DSQ004,4,4.25472
9a603f7f273de443008eaffff70aaea5390eb2ad,DSQ081,0,0.475758
9a603f7f273de443008eaffff70aaea5390eb2ad,DSQ081,1,0.477422
9a603f7f273de443008eaffff70aaea5390eb2ad,DSQ081,2,0.474684
9a603f7f273de443008eaffff70aaea5390eb2ad,DSQ081,3,0.45434
9a603f7f273de443008eaffff70aaea5390eb2ad,DSQ081,4,0.477087
9a603f7f273de443008eaffff70aaea5390eb2ad,DSQ050,0,0.318241
9a603f7f273de443008eaffff70aaea5390eb2ad,DSQ050,1,0.326623
9a603f7f273de443008eaffff70aaea5390eb2ad,DSQ050,2,0.328044
9a603f7f273de443008eaffff70aaea5390eb2ad,DSQ050,3,0.324849
9a603f7f273de443008eaffff70aaea5390eb2ad,DSQ050,4,0.313975
9a603f7f273de443008eaffff70aaea5390eb2ad,RangeQueryWithIndexART,0,0.000297
9a603f7f273de443008eaffff70aaea5390eb2ad,RangeQueryWithIndexART,1,0.000257
9a603f7f273de443008eaffff70aaea5390eb2ad,RangeQueryWithIndexART,2,0.000252
9a603f7f273de443008eaffff70aaea5390eb2ad,RangeQueryWithIndexART,3,0.000247
9a603f7f273de443008eaffff70aaea5390eb2ad,RangeQueryWithIndexART,4,0.000265
9a603f7f273de443008eaffff70aaea5390eb2ad,Q22,0,0.633108
9a603f7f273de443008eaffff70aaea5390eb2ad,Q22,1,0.624069
9a603f7f273de443008eaffff70aaea5390eb2ad,Q22,2,0.633142
9a603f7f273de443008eaffff70aaea5390eb2ad,Q22,3,0.635084
9a603f7f273de443008eaffff70aaea5390eb2ad,Q22,4,0.628383
9a603f7f273de443008eaffff70aaea5390eb2ad,Append100KIntegersAPPENDERDisk,0,0.028986
9a603f7f273de443008eaffff70aaea5390eb2ad,Append100KIntegersAPPENDERDisk,1,0.026967
9a603f7f273de443008eaffff70aaea5390eb2ad,Append100KIntegersAPPENDERDisk,2,0.027658
9a603f7f273de443008eaffff70aaea5390eb2ad,Append100KIntegersAPPENDERDisk,3,0.030056
9a603f7f273de443008eaffff70aaea5390eb2ad,Append100KIntegersAPPENDERDisk,4,0.025079
9a603f7f273de443008eaffff70aaea5390eb2ad,Window,0,0.198338
9a603f7f273de443008eaffff70aaea5390eb2ad,Window,1,0.198188
9a603f7f273de443008eaffff70aaea5390eb2ad,Window,2,0.200126
9a603f7f273de443008eaffff70aaea5390eb2ad,Window,3,0.197794
9a603f7f273de443008eaffff70aaea5390eb2ad,Window,4,0.197793
9a603f7f273de443008eaffff70aaea5390eb2ad,DSQ090,0,0.176496
9a603f7f273de443008eaffff70aaea5390eb2ad,DSQ090,1,0.181533
9a603f7f273de443008eaffff70aaea5390eb2ad,DSQ090,2,0.178799
9a603f7f273de443008eaffff70aaea5390eb2ad,DSQ090,3,0.178469
9a603f7f273de443008eaffff70aaea5390eb2ad,DSQ090,4,0.17859
9a603f7f273de443008eaffff70aaea5390eb2ad,InList0001Entry,0,0.0695
9a603f7f273de443008eaffff70aaea5390eb2ad,InList0001Entry,1,0.064896
9a603f7f273de443008eaffff70aaea5390eb2ad,InList0001Entry,2,0.069196
9a603f7f273de443008eaffff70aaea5390eb2ad,InList0001Entry,3,0.069497
9a603f7f273de443008eaffff70aaea5390eb2ad,InList0001Entry,4,0.069716
9a603f7f273de443008eaffff70aaea5390eb2ad,DSQ077,0,0.122276
9a603f7f273de443008eaffff70aaea5390eb2ad,DSQ077,1,0.123307
9a603f7f273de443008eaffff70aaea5390eb2ad,DSQ077,2,0.123663
9a603f7f273de443008eaffff70aaea5390eb2ad,DSQ077,3,0.123491
9a603f7f273de443008eaffff70aaea5390eb2ad,DSQ077,4,0.123499
9a603f7f273de443008eaffff70aaea5390eb2ad,DSQ053,0,0.195898
9a603f7f273de443008eaffff70aaea5390eb2ad,DSQ053,1,0.207399
9a603f7f273de443008eaffff70aaea5390eb2ad,DSQ053,2,0.20871
9a603f7f273de443008eaffff70aaea5390eb2ad,DSQ053,3,0.197108
9a603f7f273de443008eaffff70aaea5390eb2ad,DSQ053,4,0.208276
9a603f7f273de443008eaffff70aaea5390eb2ad,DSQ005,0,0.740201
9a603f7f273de443008eaffff70aaea5390eb2ad,DSQ005,1,0.737664
9a603f7f273de443008eaffff70aaea5390eb2ad,DSQ005,2,0.761614
9a603f7f273de443008eaffff70aaea5390eb2ad,DSQ005,3,0.735645
9a603f7f273de443008eaffff70aaea5390eb2ad,DSQ005,4,0.761807
9a603f7f273de443008eaffff70aaea5390eb2ad,InList0016Entry,0,0.460304
9a603f7f273de443008eaffff70aaea5390eb2ad,InList0016Entry,1,0.416996
9a603f7f273de443008eaffff70aaea5390eb2ad,InList0016Entry,2,0.430096
9a603f7f273de443008eaffff70aaea5390eb2ad,InList0016Entry,3,0.434443
9a603f7f273de443008eaffff70aaea5390eb2ad,InList0016Entry,4,0.431639
9a603f7f273de443008eaffff70aaea5390eb2ad,RangeJoin,0,0.157326
9a603f7f273de443008eaffff70aaea5390eb2ad,RangeJoin,1,0.139088
9a603f7f273de443008eaffff70aaea5390eb2ad,RangeJoin,2,0.137002
9a603f7f273de443008eaffff70aaea5390eb2ad,RangeJoin,3,0.137189
9a603f7f273de443008eaffff70aaea5390eb2ad,RangeJoin,4,0.13686
9a603f7f273de443008eaffff70aaea5390eb2ad,InList0008Entry,0,0.390541
9a603f7f273de443008eaffff70aaea5390eb2ad,InList0008Entry,1,0.39495
9a603f7f273de443008eaffff70aaea5390eb2ad,InList0008Entry,2,0.394056
9a603f7f273de443008eaffff70aaea5390eb2ad,InList0008Entry,3,0.401445
9a603f7f273de443008eaffff70aaea5390eb2ad,InList0008Entry,4,0.402739
9a603f7f273de443008eaffff70aaea5390eb2ad,DSQ030,0,0.673249
9a603f7f273de443008eaffff70aaea5390eb2ad,DSQ030,1,0.644518
9a603f7f273de443008eaffff70aaea5390eb2ad,DSQ030,2,0.710627
9a603f7f273de443008eaffff70aaea5390eb2ad,DSQ030,3,0.691185
9a603f7f273de443008eaffff70aaea5390eb2ad,DSQ030,4,0.644856
9a603f7f273de443008eaffff70aaea5390eb2ad,DSQ099,0,2.228408
9a603f7f273de443008eaffff70aaea5390eb2ad,DSQ099,1,2.225666
9a603f7f273de443008eaffff70aaea5390eb2ad,DSQ099,2,2.231971
9a603f7f273de443008eaffff70aaea5390eb2ad,DSQ099,3,2.228529
9a603f7f273de443008eaffff70aaea5390eb2ad,DSQ099,4,2.228289
9a603f7f273de443008eaffff70aaea5390eb2ad,DSQ092,0,1.120528
9a603f7f273de443008eaffff70aaea5390eb2ad,DSQ092,1,1.12034
9a603f7f273de443008eaffff70aaea5390eb2ad,DSQ092,2,1.119377
9a603f7f273de443008eaffff70aaea5390eb2ad,DSQ092,3,1.119576
9a603f7f273de443008eaffff70aaea5390eb2ad,DSQ092,4,1.130769
9a603f7f273de443008eaffff70aaea5390eb2ad,DSQ040,0,T
9a603f7f273de443008eaffff70aaea5390eb2ad,DSQ013,0,1.381298
9a603f7f273de443008eaffff70aaea5390eb2ad,DSQ013,1,1.363567
9a603f7f273de443008eaffff70aaea5390eb2ad,DSQ013,2,1.369913
9a603f7f273de443008eaffff70aaea5390eb2ad,DSQ013,3,1.37851
9a603f7f273de443008eaffff70aaea5390eb2ad,DSQ013,4,1.390321
9a603f7f273de443008eaffff70aaea5390eb2ad,DSQ046,0,0.09242
9a603f7f273de443008eaffff70aaea5390eb2ad,DSQ046,1,0.09587
9a603f7f273de443008eaffff70aaea5390eb2ad,DSQ046,2,0.091412
9a603f7f273de443008eaffff70aaea5390eb2ad,DSQ046,3,0.093316
9a603f7f273de443008eaffff70aaea5390eb2ad,DSQ046,4,0.093586
9a603f7f273de443008eaffff70aaea5390eb2ad,DSQ083,0,0.191504
9a603f7f273de443008eaffff70aaea5390eb2ad,DSQ083,1,0.187725
9a603f7f273de443008eaffff70aaea5390eb2ad,DSQ083,2,0.187046
9a603f7f273de443008eaffff70aaea5390eb2ad,DSQ083,3,0.186242
9a603f7f273de443008eaffff70aaea5390eb2ad,DSQ083,4,0.188693
9a603f7f273de443008eaffff70aaea5390eb2ad,DSQ051,0,T
9a603f7f273de443008eaffff70aaea5390eb2ad,DSQ035,0,0.106901
9a603f7f273de443008eaffff70aaea5390eb2ad,DSQ035,1,0.104825
9a603f7f273de443008eaffff70aaea5390eb2ad,DSQ035,2,0.102941
9a603f7f273de443008eaffff70aaea5390eb2ad,DSQ035,3,0.107547
9a603f7f273de443008eaffff70aaea5390eb2ad,DSQ035,4,0.104102
9a603f7f273de443008eaffff70aaea5390eb2ad,Append100KIntegersPREPAREDPrimary,0,2.97896
9a603f7f273de443008eaffff70aaea5390eb2ad,Append100KIntegersPREPAREDPrimary,1,2.977363
9a603f7f273de443008eaffff70aaea5390eb2ad,Append100KIntegersPREPAREDPrimary,2,2.980749
9a603f7f273de443008eaffff70aaea5390eb2ad,Append100KIntegersPREPAREDPrimary,3,3.041251
9a603f7f273de443008eaffff70aaea5390eb2ad,Append100KIntegersPREPAREDPrimary,4,3.135046
9a603f7f273de443008eaffff70aaea5390eb2ad,DSQ097,0,0.375671
9a603f7f273de443008eaffff70aaea5390eb2ad,DSQ097,1,0.377953
9a603f7f273de443008eaffff70aaea5390eb2ad,DSQ097,2,0.377693
9a603f7f273de443008eaffff70aaea5390eb2ad,DSQ097,3,0.371626
9a603f7f273de443008eaffff70aaea5390eb2ad,DSQ097,4,0.372899
9a603f7f273de443008eaffff70aaea5390eb2ad,DSQ024,0,4.598688
9a603f7f273de443008eaffff70aaea5390eb2ad,DSQ024,1,4.583953
9a603f7f273de443008eaffff70aaea5390eb2ad,DSQ024,2,4.570128
9a603f7f273de443008eaffff70aaea5390eb2ad,DSQ024,3,4.580207
9a603f7f273de443008eaffff70aaea5390eb2ad,DSQ024,4,4.587079
9a603f7f273de443008eaffff70aaea5390eb2ad,DSQ011,0,4.002918
9a603f7f273de443008eaffff70aaea5390eb2ad,DSQ011,1,4.012434
9a603f7f273de443008eaffff70aaea5390eb2ad,DSQ011,2,4.014918
9a603f7f273de443008eaffff70aaea5390eb2ad,DSQ011,3,4.025552
9a603f7f273de443008eaffff70aaea5390eb2ad,DSQ011,4,4.02274
9a603f7f273de443008eaffff70aaea5390eb2ad,Q04,0,1.928357
9a603f7f273de443008eaffff70aaea5390eb2ad,Q04,1,1.921585
9a603f7f273de443008eaffff70aaea5390eb2ad,Q04,2,1.926922
9a603f7f273de443008eaffff70aaea5390eb2ad,Q04,3,1.932064
9a603f7f273de443008eaffff70aaea5390eb2ad,Q04,4,1.935897
9a603f7f273de443008eaffff70aaea5390eb2ad,DSQ074,0,1.392913
9a603f7f273de443008eaffff70aaea5390eb2ad,DSQ074,1,1.378691
9a603f7f273de443008eaffff70aaea5390eb2ad,DSQ074,2,1.373656
9a603f7f273de443008eaffff70aaea5390eb2ad,DSQ074,3,1.396661
9a603f7f273de443008eaffff70aaea5390eb2ad,DSQ074,4,1.382766
9a603f7f273de443008eaffff70aaea5390eb2ad,Append100KIntegersPREPAREDDisk,0,1.455499
9a603f7f273de443008eaffff70aaea5390eb2ad,Append100KIntegersPREPAREDDisk,1,1.449471
9a603f7f273de443008eaffff70aaea5390eb2ad,Append100KIntegersPREPAREDDisk,2,1.460619
9a603f7f273de443008eaffff70aaea5390eb2ad,Append100KIntegersPREPAREDDisk,3,1.463139
9a603f7f273de443008eaffff70aaea5390eb2ad,Append100KIntegersPREPAREDDisk,4,1.464406
9a603f7f273de443008eaffff70aaea5390eb2ad,DSQ048,0,0.076591
9a603f7f273de443008eaffff70aaea5390eb2ad,DSQ048,1,0.073702
9a603f7f273de443008eaffff70aaea5390eb2ad,DSQ048,2,0.075888
9a603f7f273de443008eaffff70aaea5390eb2ad,DSQ048,3,0.073884
9a603f7f273de443008eaffff70aaea5390eb2ad,DSQ048,4,0.073681
9a603f7f273de443008eaffff70aaea5390eb2ad,DSQ059,0,0.093694
9a603f7f273de443008eaffff70aaea5390eb2ad,DSQ059,1,0.091876
9a603f7f273de443008eaffff70aaea5390eb2ad,DSQ059,2,0.092187
9a603f7f273de443008eaffff70aaea5390eb2ad,DSQ059,3,0.091112
9a603f7f273de443008eaffff70aaea5390eb2ad,DSQ059,4,0.093525
9a603f7f273de443008eaffff70aaea5390eb2ad,DSQ047,0,0.426721
9a603f7f273de443008eaffff70aaea5390eb2ad,DSQ047,1,0.428443
9a603f7f273de443008eaffff70aaea5390eb2ad,DSQ047,2,0.422289
9a603f7f273de443008eaffff70aaea5390eb2ad,DSQ047,3,0.421001
9a603f7f273de443008eaffff70aaea5390eb2ad,DSQ047,4,0.424197
9a603f7f273de443008eaffff70aaea5390eb2ad,Write100KIntegers,0,0.01647
9a603f7f273de443008eaffff70aaea5390eb2ad,Write100KIntegers,1,0.016323
9a603f7f273de443008eaffff70aaea5390eb2ad,Write100KIntegers,2,0.016969
9a603f7f273de443008eaffff70aaea5390eb2ad,Write100KIntegers,3,0.016352
9a603f7f273de443008eaffff70aaea5390eb2ad,Write100KIntegers,4,0.016411
9a603f7f273de443008eaffff70aaea5390eb2ad,Append100KIntegersAPPENDER,0,0.018163
9a603f7f273de443008eaffff70aaea5390eb2ad,Append100KIntegersAPPENDER,1,0.013628
9a603f7f273de443008eaffff70aaea5390eb2ad,Append100KIntegersAPPENDER,2,0.01643
9a603f7f273de443008eaffff70aaea5390eb2ad,Append100KIntegersAPPENDER,3,0.013492
9a603f7f273de443008eaffff70aaea5390eb2ad,Append100KIntegersAPPENDER,4,0.016346
9a603f7f273de443008eaffff70aaea5390eb2ad,Q14,0,0.168027
9a603f7f273de443008eaffff70aaea5390eb2ad,Q14,1,0.164081
9a603f7f273de443008eaffff70aaea5390eb2ad,Q14,2,0.167303
9a603f7f273de443008eaffff70aaea5390eb2ad,Q14,3,0.165314
9a603f7f273de443008eaffff70aaea5390eb2ad,Q14,4,0.166055
9a603f7f273de443008eaffff70aaea5390eb2ad,Q02,0,0.489966
9a603f7f273de443008eaffff70aaea5390eb2ad,Q02,1,0.482467
9a603f7f273de443008eaffff70aaea5390eb2ad,Q02,2,0.479325
9a603f7f273de443008eaffff70aaea5390eb2ad,Q02,3,0.482997
9a603f7f273de443008eaffff70aaea5390eb2ad,Q02,4,0.482451
9a603f7f273de443008eaffff70aaea5390eb2ad,DSQ044,0,0.294169
9a603f7f273de443008eaffff70aaea5390eb2ad,DSQ044,1,0.294803
9a603f7f273de443008eaffff70aaea5390eb2ad,DSQ044,2,0.295574
9a603f7f273de443008eaffff70aaea5390eb2ad,DSQ044,3,0.292334
9a603f7f273de443008eaffff70aaea5390eb2ad,DSQ044,4,0.295444
9a603f7f273de443008eaffff70aaea5390eb2ad,DSQ063,0,0.972902
9a603f7f273de443008eaffff70aaea5390eb2ad,DSQ063,1,0.964322
9a603f7f273de443008eaffff70aaea5390eb2ad,DSQ063,2,0.962508
9a603f7f273de443008eaffff70aaea5390eb2ad,DSQ063,3,0.956681
9a603f7f273de443008eaffff70aaea5390eb2ad,DSQ063,4,0.960493
9a603f7f273de443008eaffff70aaea5390eb2ad,DSQ015,0,5.653453
9a603f7f273de443008eaffff70aaea5390eb2ad,DSQ015,1,5.641373
9a603f7f273de443008eaffff70aaea5390eb2ad,DSQ015,2,5.56821
9a603f7f273de443008eaffff70aaea5390eb2ad,DSQ015,3,5.519076
9a603f7f273de443008eaffff70aaea5390eb2ad,DSQ015,4,5.60393
9a603f7f273de443008eaffff70aaea5390eb2ad,DSQ027,0,0.655144
9a603f7f273de443008eaffff70aaea5390eb2ad,DSQ027,1,0.646716
9a603f7f273de443008eaffff70aaea5390eb2ad,DSQ027,2,0.649026
9a603f7f273de443008eaffff70aaea5390eb2ad,DSQ027,3,0.665744
9a603f7f273de443008eaffff70aaea5390eb2ad,DSQ027,4,0.665717
9a603f7f273de443008eaffff70aaea5390eb2ad,DSQ045,0,0.00902
9a603f7f273de443008eaffff70aaea5390eb2ad,DSQ045,1,0.009033
9a603f7f273de443008eaffff70aaea5390eb2ad,DSQ045,2,0.00922
9a603f7f273de443008eaffff70aaea5390eb2ad,DSQ045,3,0.008917
9a603f7f273de443008eaffff70aaea5390eb2ad,DSQ045,4,0.009034
9a603f7f273de443008eaffff70aaea5390eb2ad,DSQ012,0,0.106181
9a603f7f273de443008eaffff70aaea5390eb2ad,DSQ012,1,0.108571
9a603f7f273de443008eaffff70aaea5390eb2ad,DSQ012,2,0.105819
9a603f7f273de443008eaffff70aaea5390eb2ad,DSQ012,3,0.106169
9a603f7f273de443008eaffff70aaea5390eb2ad,DSQ012,4,0.105951
9a603f7f273de443008eaffff70aaea5390eb2ad,Append100KIntegersCOPY,0,0.023712
9a603f7f273de443008eaffff70aaea5390eb2ad,Append100KIntegersCOPY,1,0.023243
9a603f7f273de443008eaffff70aaea5390eb2ad,Append100KIntegersCOPY,2,0.023267
9a603f7f273de443008eaffff70aaea5390eb2ad,Append100KIntegersCOPY,3,0.022757
9a603f7f273de443008eaffff70aaea5390eb2ad,Append100KIntegersCOPY,4,0.020297
9a603f7f273de443008eaffff70aaea5390eb2ad,Q01,0,0.675404
9a603f7f273de443008eaffff70aaea5390eb2ad,Q01,1,0.670025
9a603f7f273de443008eaffff70aaea5390eb2ad,Q01,2,0.689608
9a603f7f273de443008eaffff70aaea5390eb2ad,Q01,3,0.675791
9a603f7f273de443008eaffff70aaea5390eb2ad,Q01,4,0.675454
9a603f7f273de443008eaffff70aaea5390eb2ad,Q21,0,5.042462
9a603f7f273de443008eaffff70aaea5390eb2ad,Q21,1,4.960948
9a603f7f273de443008eaffff70aaea5390eb2ad,Q21,2,4.976794
9a603f7f273de443008eaffff70aaea5390eb2ad,Q21,3,4.961082
9a603f7f273de443008eaffff70aaea5390eb2ad,Q21,4,5.004372
9a603f7f273de443008eaffff70aaea5390eb2ad,Q07,0,1.237321
9a603f7f273de443008eaffff70aaea5390eb2ad,Q07,1,1.249898
9a603f7f273de443008eaffff70aaea5390eb2ad,Q07,2,1.221934
9a603f7f273de443008eaffff70aaea5390eb2ad,Q07,3,1.232891
9a603f7f273de443008eaffff70aaea5390eb2ad,Q07,4,1.236714
9a603f7f273de443008eaffff70aaea5390eb2ad,DSQ021,0,0.201597
9a603f7f273de443008eaffff70aaea5390eb2ad,DSQ021,1,0.201194
9a603f7f273de443008eaffff70aaea5390eb2ad,DSQ021,2,0.201668
9a603f7f273de443008eaffff70aaea5390eb2ad,DSQ021,3,0.199987
9a603f7f273de443008eaffff70aaea5390eb2ad,DSQ021,4,0.198619
9a603f7f273de443008eaffff70aaea5390eb2ad,DSQ041,0,0.453272
9a603f7f273de443008eaffff70aaea5390eb2ad,DSQ041,1,0.447032
9a603f7f273de443008eaffff70aaea5390eb2ad,DSQ041,2,0.43784
9a603f7f273de443008eaffff70aaea5390eb2ad,DSQ041,3,0.456415
9a603f7f273de443008eaffff70aaea5390eb2ad,DSQ041,4,0.453524
9a603f7f273de443008eaffff70aaea5390eb2ad,Q16,0,0.162596
9a603f7f273de443008eaffff70aaea5390eb2ad,Q16,1,0.158756
9a603f7f273de443008eaffff70aaea5390eb2ad,Q16,2,0.160209
9a603f7f273de443008eaffff70aaea5390eb2ad,Q16,3,0.157222
9a603f7f273de443008eaffff70aaea5390eb2ad,Q16,4,0.156913
9a603f7f273de443008eaffff70aaea5390eb2ad,InList2048Entry,0,0.650657
9a603f7f273de443008eaffff70aaea5390eb2ad,InList2048Entry,1,0.526295
9a603f7f273de443008eaffff70aaea5390eb2ad,InList2048Entry,2,0.527221
9a603f7f273de443008eaffff70aaea5390eb2ad,InList2048Entry,3,0.550472
9a603f7f273de443008eaffff70aaea5390eb2ad,InList2048Entry,4,0.531438
9a603f7f273de443008eaffff70aaea5390eb2ad,DSQ069,0,0.212603
9a603f7f273de443008eaffff70aaea5390eb2ad,DSQ069,1,0.217987
9a603f7f273de443008eaffff70aaea5390eb2ad,DSQ069,2,0.215772
9a603f7f273de443008eaffff70aaea5390eb2ad,DSQ069,3,0.211184
9a603f7f273de443008eaffff70aaea5390eb2ad,DSQ069,4,0.214749
9a603f7f273de443008eaffff70aaea5390eb2ad,DSQ055,0,T
9a603f7f273de443008eaffff70aaea5390eb2ad,Q20,0,0.219582
9a603f7f273de443008eaffff70aaea5390eb2ad,Q20,1,0.218228
9a603f7f273de443008eaffff70aaea5390eb2ad,Q20,2,0.218809
9a603f7f273de443008eaffff70aaea5390eb2ad,Q20,3,0.220428
9a603f7f273de443008eaffff70aaea5390eb2ad,Q20,4,0.222592
9a603f7f273de443008eaffff70aaea5390eb2ad,DSQ086,0,T
9a603f7f273de443008eaffff70aaea5390eb2ad,Q13,0,0.797743
9a603f7f273de443008eaffff70aaea5390eb2ad,Q13,1,0.786148
9a603f7f273de443008eaffff70aaea5390eb2ad,Q13,2,0.787063
9a603f7f273de443008eaffff70aaea5390eb2ad,Q13,3,0.791098
9a603f7f273de443008eaffff70aaea5390eb2ad,Q13,4,0.793195
9a603f7f273de443008eaffff70aaea5390eb2ad,DSQ065,0,0.269749
9a603f7f273de443008eaffff70aaea5390eb2ad,DSQ065,1,0.269418
9a603f7f273de443008eaffff70aaea5390eb2ad,DSQ065,2,0.273887
9a603f7f273de443008eaffff70aaea5390eb2ad,DSQ065,3,0.277259
9a603f7f273de443008eaffff70aaea5390eb2ad,DSQ065,4,0.275921
9a603f7f273de443008eaffff70aaea5390eb2ad,DSQ066,0,0.843752
9a603f7f273de443008eaffff70aaea5390eb2ad,DSQ066,1,0.854035
9a603f7f273de443008eaffff70aaea5390eb2ad,DSQ066,2,0.841051
9a603f7f273de443008eaffff70aaea5390eb2ad,DSQ066,3,0.833271
9a603f7f273de443008eaffff70aaea5390eb2ad,DSQ066,4,0.836188
9a603f7f273de443008eaffff70aaea5390eb2ad,DSQ071,0,15.477602
9a603f7f273de443008eaffff70aaea5390eb2ad,DSQ071,1,15.469992
9a603f7f273de443008eaffff70aaea5390eb2ad,DSQ071,2,15.474796
9a603f7f273de443008eaffff70aaea5390eb2ad,DSQ071,3,15.471112
9a603f7f273de443008eaffff70aaea5390eb2ad,DSQ071,4,15.447724
9a603f7f273de443008eaffff70aaea5390eb2ad,DSQ064,0,0.23456
9a603f7f273de443008eaffff70aaea5390eb2ad,DSQ064,1,0.239035
9a603f7f273de443008eaffff70aaea5390eb2ad,DSQ064,2,0.238006
9a603f7f273de443008eaffff70aaea5390eb2ad,DSQ064,3,0.230133
9a603f7f273de443008eaffff70aaea5390eb2ad,DSQ064,4,0.23624
9a603f7f273de443008eaffff70aaea5390eb2ad,SimpleAggregate,0,0.028099
9a603f7f273de443008eaffff70aaea5390eb2ad,SimpleAggregate,1,0.024428
9a603f7f273de443008eaffff70aaea5390eb2ad,SimpleAggregate,2,0.026917
9a603f7f273de443008eaffff70aaea5390eb2ad,SimpleAggregate,3,0.024182
9a603f7f273de443008eaffff70aaea5390eb2ad,SimpleAggregate,4,0.024945
9a603f7f273de443008eaffff70aaea5390eb2ad,DSQ039,0,0.939842
9a603f7f273de443008eaffff70aaea5390eb2ad,DSQ039,1,0.925169
9a603f7f273de443008eaffff70aaea5390eb2ad,DSQ039,2,0.933548
9a603f7f273de443008eaffff70aaea5390eb2ad,DSQ039,3,0.931085
9a603f7f273de443008eaffff70aaea5390eb2ad,DSQ039,4,0.944512
9a603f7f273de443008eaffff70aaea5390eb2ad,DSQ002,0,0.609022
9a603f7f273de443008eaffff70aaea5390eb2ad,DSQ002,1,0.612946
9a603f7f273de443008eaffff70aaea5390eb2ad,DSQ002,2,0.612366
9a603f7f273de443008eaffff70aaea5390eb2ad,DSQ002,3,0.605139
9a603f7f273de443008eaffff70aaea5390eb2ad,DSQ002,4,0.616669
9a603f7f273de443008eaffff70aaea5390eb2ad,DSQ037,0,0.152339
9a603f7f273de443008eaffff70aaea5390eb2ad,DSQ037,1,0.154142
9a603f7f273de443008eaffff70aaea5390eb2ad,DSQ037,2,0.15544
9a603f7f273de443008eaffff70aaea5390eb2ad,DSQ037,3,0.156904
9a603f7f273de443008eaffff70aaea5390eb2ad,DSQ037,4,0.149301
9a603f7f273de443008eaffff70aaea5390eb2ad,InList0064Entry,0,0.539445
9a603f7f273de443008eaffff70aaea5390eb2ad,InList0064Entry,1,0.462914
9a603f7f273de443008eaffff70aaea5390eb2ad,InList0064Entry,2,0.470985
9a603f7f273de443008eaffff70aaea5390eb2ad,InList0064Entry,3,0.475879
9a603f7f273de443008eaffff70aaea5390eb2ad,InList0064Entry,4,0.476101
9a603f7f273de443008eaffff70aaea5390eb2ad,DSQ079,0,1.011749
9a603f7f273de443008eaffff70aaea5390eb2ad,DSQ079,1,1.009177
9a603f7f273de443008eaffff70aaea5390eb2ad,DSQ079,2,1.009729
9a603f7f273de443008eaffff70aaea5390eb2ad,DSQ079,3,1.012273
9a603f7f273de443008eaffff70aaea5390eb2ad,DSQ079,4,1.012676
9a603f7f273de443008eaffff70aaea5390eb2ad,DSQ089,0,T
9a603f7f273de443008eaffff70aaea5390eb2ad,DSQ068,0,T
9a603f7f273de443008eaffff70aaea5390eb2ad,InList0256Entry,0,0.602438
9a603f7f273de443008eaffff70aaea5390eb2ad,InList0256Entry,1,0.525558
9a603f7f273de443008eaffff70aaea5390eb2ad,InList0256Entry,2,0.504008
9a603f7f273de443008eaffff70aaea5390eb2ad,InList0256Entry,3,0.520706
9a603f7f273de443008eaffff70aaea5390eb2ad,InList0256Entry,4,0.50261
9a603f7f273de443008eaffff70aaea5390eb2ad,DSQ057,0,0.178265
9a603f7f273de443008eaffff70aaea5390eb2ad,DSQ057,1,0.177417
9a603f7f273de443008eaffff70aaea5390eb2ad,DSQ057,2,0.179854
9a603f7f273de443008eaffff70aaea5390eb2ad,DSQ057,3,0.179451
9a603f7f273de443008eaffff70aaea5390eb2ad,DSQ057,4,0.176037
9a603f7f273de443008eaffff70aaea5390eb2ad,Q18,0,1.902516
9a603f7f273de443008eaffff70aaea5390eb2ad,Q18,1,1.904567
9a603f7f273de443008eaffff70aaea5390eb2ad,Q18,2,1.919483
9a603f7f273de443008eaffff70aaea5390eb2ad,Q18,3,1.9088
9a603f7f273de443008eaffff70aaea5390eb2ad,Q18,4,1.920332
9a603f7f273de443008eaffff70aaea5390eb2ad,DSQ033,0,0.055333
9a603f7f273de443008eaffff70aaea5390eb2ad,DSQ033,1,0.055196
9a603f7f273de443008eaffff70aaea5390eb2ad,DSQ033,2,0.05298
9a603f7f273de443008eaffff70aaea5390eb2ad,DSQ033,3,0.052689
9a603f7f273de443008eaffff70aaea5390eb2ad,DSQ033,4,0.054258
9a603f7f273de443008eaffff70aaea5390eb2ad,InList0004Entry,0,0.187537
9a603f7f273de443008eaffff70aaea5390eb2ad,InList0004Entry,1,0.214772
9a603f7f273de443008eaffff70aaea5390eb2ad,InList0004Entry,2,0.204382
9a603f7f273de443008eaffff70aaea5390eb2ad,InList0004Entry,3,0.224644
9a603f7f273de443008eaffff70aaea5390eb2ad,InList0004Entry,4,0.188281
9a603f7f273de443008eaffff70aaea5390eb2ad,DSQ038,0,1.272807
9a603f7f273de443008eaffff70aaea5390eb2ad,DSQ038,1,1.25693
9a603f7f273de443008eaffff70aaea5390eb2ad,DSQ038,2,1.257622
9a603f7f273de443008eaffff70aaea5390eb2ad,DSQ038,3,1.277547
9a603f7f273de443008eaffff70aaea5390eb2ad,DSQ038,4,1.266742
9a603f7f273de443008eaffff70aaea5390eb2ad,DSQ007,0,0.00109
9a603f7f273de443008eaffff70aaea5390eb2ad,DSQ007,1,0.001549
9a603f7f273de443008eaffff70aaea5390eb2ad,DSQ007,2,0.00233
9a603f7f273de443008eaffff70aaea5390eb2ad,DSQ007,3,0.002716
9a603f7f273de443008eaffff70aaea5390eb2ad,DSQ007,4,0.003132
9a603f7f273de443008eaffff70aaea5390eb2ad,DSQ075,0,0.164795
9a603f7f273de443008eaffff70aaea5390eb2ad,DSQ075,1,0.164518
9a603f7f273de443008eaffff70aaea5390eb2ad,DSQ075,2,0.167331
9a603f7f273de443008eaffff70aaea5390eb2ad,DSQ075,3,0.164066
9a603f7f273de443008eaffff70aaea5390eb2ad,DSQ075,4,0.163109
9a603f7f273de443008eaffff70aaea5390eb2ad,Q06,0,0.12727
9a603f7f273de443008eaffff70aaea5390eb2ad,Q06,1,0.126911
9a603f7f273de443008eaffff70aaea5390eb2ad,Q06,2,0.127301
9a603f7f273de443008eaffff70aaea5390eb2ad,Q06,3,0.126649
9a603f7f273de443008eaffff70aaea5390eb2ad,Q06,4,0.127488
9a603f7f273de443008eaffff70aaea5390eb2ad,Q12,0,0.533574
9a603f7f273de443008eaffff70aaea5390eb2ad,Q12,1,0.534021
9a603f7f273de443008eaffff70aaea5390eb2ad,Q12,2,0.532972
9a603f7f273de443008eaffff70aaea5390eb2ad,Q12,3,0.512929
9a603f7f273de443008eaffff70aaea5390eb2ad,Q12,4,0.518696
9a603f7f273de443008eaffff70aaea5390eb2ad,DSQ073,0,0.502653
9a603f7f273de443008eaffff70aaea5390eb2ad,DSQ073,1,0.511704
9a603f7f273de443008eaffff70aaea5390eb2ad,DSQ073,2,0.537786
9a603f7f273de443008eaffff70aaea5390eb2ad,DSQ073,3,0.50696
9a603f7f273de443008eaffff70aaea5390eb2ad,DSQ073,4,0.529744
9a603f7f273de443008eaffff70aaea5390eb2ad,DSQ023,0,4.915064
9a603f7f273de443008eaffff70aaea5390eb2ad,DSQ023,1,4.94818
9a603f7f273de443008eaffff70aaea5390eb2ad,DSQ023,2,4.925032
9a603f7f273de443008eaffff70aaea5390eb2ad,DSQ023,3,4.948378
9a603f7f273de443008eaffff70aaea5390eb2ad,DSQ023,4,4.956351
9a603f7f273de443008eaffff70aaea5390eb2ad,DSQ061,0,15.120536
9a603f7f273de443008eaffff70aaea5390eb2ad,DSQ061,1,15.059485
9a603f7f273de443008eaffff70aaea5390eb2ad,DSQ061,2,15.083419
9a603f7f273de443008eaffff70aaea5390eb2ad,DSQ061,3,15.150347
9a603f7f273de443008eaffff70aaea5390eb2ad,DSQ061,4,15.066069
9a603f7f273de443008eaffff70aaea5390eb2ad,DSQ056,0,0.094184
9a603f7f273de443008eaffff70aaea5390eb2ad,DSQ056,1,0.096797
9a603f7f273de443008eaffff70aaea5390eb2ad,DSQ056,2,0.094293
9a603f7f273de443008eaffff70aaea5390eb2ad,DSQ056,3,0.098146
9a603f7f273de443008eaffff70aaea5390eb2ad,DSQ056,4,0.094287
9a603f7f273de443008eaffff70aaea5390eb2ad,DSQ058,0,0.438954
9a603f7f273de443008eaffff70aaea5390eb2ad,DSQ058,1,0.439097
9a603f7f273de443008eaffff70aaea5390eb2ad,DSQ058,2,0.434454
9a603f7f273de443008eaffff70aaea5390eb2ad,DSQ058,3,0.439478
9a603f7f273de443008eaffff70aaea5390eb2ad,DSQ058,4,0.430666
9a603f7f273de443008eaffff70aaea5390eb2ad,Q09,0,4.822752
9a603f7f273de443008eaffff70aaea5390eb2ad,Q09,1,4.822929
9a603f7f273de443008eaffff70aaea5390eb2ad,Q09,2,4.893608
9a603f7f273de443008eaffff70aaea5390eb2ad,Q09,3,4.902529
9a603f7f273de443008eaffff70aaea5390eb2ad,Q09,4,4.886868
9a603f7f273de443008eaffff70aaea5390eb2ad,DSQ008,0,0.006323
9a603f7f273de443008eaffff70aaea5390eb2ad,DSQ008,1,0.006226
9a603f7f273de443008eaffff70aaea5390eb2ad,DSQ008,2,0.006356
9a603f7f273de443008eaffff70aaea5390eb2ad,DSQ008,3,0.006336
9a603f7f273de443008eaffff70aaea5390eb2ad,DSQ008,4,0.0063
9a603f7f273de443008eaffff70aaea5390eb2ad,DSQ102,0,0.399486
9a603f7f273de443008eaffff70aaea5390eb2ad,DSQ102,1,0.403263
9a603f7f273de443008eaffff70aaea5390eb2ad,DSQ102,2,0.404949
9a603f7f273de443008eaffff70aaea5390eb2ad,DSQ102,3,0.405563
9a603f7f273de443008eaffff70aaea5390eb2ad,DSQ102,4,0.407474
9a603f7f273de443008eaffff70aaea5390eb2ad,InList0032Entry,0,0.494642
9a603f7f273de443008eaffff70aaea5390eb2ad,InList0032Entry,1,0.439702
9a603f7f273de443008eaffff70aaea5390eb2ad,InList0032Entry,2,0.435273
9a603f7f273de443008eaffff70aaea5390eb2ad,InList0032Entry,3,0.45021
9a603f7f273de443008eaffff70aaea5390eb2ad,InList0032Entry,4,0.450992
9a603f7f273de443008eaffff70aaea5390eb2ad,ReadLineitemCSV,0,0.801569
9a603f7f273de443008eaffff70aaea5390eb2ad,ReadLineitemCSV,1,0.797942
9a603f7f273de443008eaffff70aaea5390eb2ad,ReadLineitemCSV,2,0.813727
9a603f7f273de443008eaffff70aaea5390eb2ad,ReadLineitemCSV,3,0.795086
9a603f7f273de443008eaffff70aaea5390eb2ad,ReadLineitemCSV,4,0.815725
9a603f7f273de443008eaffff70aaea5390eb2ad,Q15,0,0.178039
9a603f7f273de443008eaffff70aaea5390eb2ad,Q15,1,0.174277
9a603f7f273de443008eaffff70aaea5390eb2ad,Q15,2,0.180334
9a603f7f273de443008eaffff70aaea5390eb2ad,Q15,3,0.174889
9a603f7f273de443008eaffff70aaea5390eb2ad,Q15,4,0.176025
9a603f7f273de443008eaffff70aaea5390eb2ad,DSQ072,0,0.211863
9a603f7f273de443008eaffff70aaea5390eb2ad,DSQ072,1,0.209857
9a603f7f273de443008eaffff70aaea5390eb2ad,DSQ072,2,0.209542
9a603f7f273de443008eaffff70aaea5390eb2ad,DSQ072,3,0.211857
9a603f7f273de443008eaffff70aaea5390eb2ad,DSQ072,4,0.209123
9a603f7f273de443008eaffff70aaea5390eb2ad,DSQ084,0,0.014234
9a603f7f273de443008eaffff70aaea5390eb2ad,DSQ084,1,0.013642
9a603f7f273de443008eaffff70aaea5390eb2ad,DSQ084,2,0.01327
9a603f7f273de443008eaffff70aaea5390eb2ad,DSQ084,3,0.013284
9a603f7f273de443008eaffff70aaea5390eb2ad,DSQ084,4,0.0133
9a603f7f273de443008eaffff70aaea5390eb2ad,InList1024Entry,0,0.649415
9a603f7f273de443008eaffff70aaea5390eb2ad,InList1024Entry,1,0.52875
9a603f7f273de443008eaffff70aaea5390eb2ad,InList1024Entry,2,0.517007
9a603f7f273de443008eaffff70aaea5390eb2ad,InList1024Entry,3,0.515731
9a603f7f273de443008eaffff70aaea5390eb2ad,InList1024Entry,4,0.538002
9a603f7f273de443008eaffff70aaea5390eb2ad,DSQ010,0,0.543216
9a603f7f273de443008eaffff70aaea5390eb2ad,DSQ010,1,0.566511
9a603f7f273de443008eaffff70aaea5390eb2ad,DSQ010,2,0.532375
9a603f7f273de443008eaffff70aaea5390eb2ad,DSQ010,3,0.570664
9a603f7f273de443008eaffff70aaea5390eb2ad,DSQ010,4,0.51836
9a603f7f273de443008eaffff70aaea5390eb2ad,DSQ006,0,2.757331
9a603f7f273de443008eaffff70aaea5390eb2ad,DSQ006,1,2.732156
9a603f7f273de443008eaffff70aaea5390eb2ad,DSQ006,2,2.751622
9a603f7f273de443008eaffff70aaea5390eb2ad,DSQ006,3,2.773652
9a603f7f273de443008eaffff70aaea5390eb2ad,DSQ006,4,2.761509
9a603f7f273de443008eaffff70aaea5390eb2ad,DSQ020,0,0.677119
9a603f7f273de443008eaffff70aaea5390eb2ad,DSQ020,1,0.670026
9a603f7f273de443008eaffff70aaea5390eb2ad,DSQ020,2,0.674931
9a603f7f273de443008eaffff70aaea5390eb2ad,DSQ020,3,0.671267
9a603f7f273de443008eaffff70aaea5390eb2ad,DSQ020,4,0.678185
9a603f7f273de443008eaffff70aaea5390eb2ad,InList0128Entry,0,0.576169
9a603f7f273de443008eaffff70aaea5390eb2ad,InList0128Entry,1,0.487061
9a603f7f273de443008eaffff70aaea5390eb2ad,InList0128Entry,2,0.502138
9a603f7f273de443008eaffff70aaea5390eb2ad,InList0128Entry,3,0.488895
9a603f7f273de443008eaffff70aaea5390eb2ad,InList0128Entry,4,0.502391
9a603f7f273de443008eaffff70aaea5390eb2ad,PointQueryWithoutIndex,0,0.346189
9a603f7f273de443008eaffff70aaea5390eb2ad,PointQueryWithoutIndex,1,0.347297
9a603f7f273de443008eaffff70aaea5390eb2ad,PointQueryWithoutIndex,2,0.343593
9a603f7f273de443008eaffff70aaea5390eb2ad,PointQueryWithoutIndex,3,0.348105
9a603f7f273de443008eaffff70aaea5390eb2ad,PointQueryWithoutIndex,4,0.342051
9a603f7f273de443008eaffff70aaea5390eb2ad,DSQ036,0,0.181779
9a603f7f273de443008eaffff70aaea5390eb2ad,DSQ036,1,0.174563
9a603f7f273de443008eaffff70aaea5390eb2ad,DSQ036,2,0.183115
9a603f7f273de443008eaffff70aaea5390eb2ad,DSQ036,3,0.180738
9a603f7f273de443008eaffff70aaea5390eb2ad,DSQ036,4,0.178445
9a603f7f273de443008eaffff70aaea5390eb2ad,Append100KIntegersAPPENDERPrimary,0,0.064113
9a603f7f273de443008eaffff70aaea5390eb2ad,Append100KIntegersAPPENDERPrimary,1,0.063986
9a603f7f273de443008eaffff70aaea5390eb2ad,Append100KIntegersAPPENDERPrimary,2,0.064126
9a603f7f273de443008eaffff70aaea5390eb2ad,Append100KIntegersAPPENDERPrimary,3,0.063647
9a603f7f273de443008eaffff70aaea5390eb2ad,Append100KIntegersAPPENDERPrimary,4,0.063668
9a603f7f273de443008eaffff70aaea5390eb2ad,DSQ091,0,0.632426
9a603f7f273de443008eaffff70aaea5390eb2ad,DSQ091,1,0.634353
9a603f7f273de443008eaffff70aaea5390eb2ad,DSQ091,2,0.630055
9a603f7f273de443008eaffff70aaea5390eb2ad,DSQ091,3,0.631316
9a603f7f273de443008eaffff70aaea5390eb2ad,DSQ091,4,0.622626
9a603f7f273de443008eaffff70aaea5390eb2ad,Q17,0,0.852677
9a603f7f273de443008eaffff70aaea5390eb2ad,Q17,1,0.864158
9a603f7f273de443008eaffff70aaea5390eb2ad,Q17,2,0.863547
9a603f7f273de443008eaffff70aaea5390eb2ad,Q17,3,0.859125
9a603f7f273de443008eaffff70aaea5390eb2ad,Q17,4,0.854222
9a603f7f273de443008eaffff70aaea5390eb2ad,LineitemGroupAggregate,0,0.073953
9a603f7f273de443008eaffff70aaea5390eb2ad,LineitemGroupAggregate,1,0.072917
9a603f7f273de443008eaffff70aaea5390eb2ad,LineitemGroupAggregate,2,0.075672
9a603f7f273de443008eaffff70aaea5390eb2ad,LineitemGroupAggregate,3,0.074806
9a603f7f273de443008eaffff70aaea5390eb2ad,LineitemGroupAggregate,4,0.076928
9a603f7f273de443008eaffff70aaea5390eb2ad,Append100KIntegersINSERTDisk,0,1.952927
9a603f7f273de443008eaffff70aaea5390eb2ad,Append100KIntegersINSERTDisk,1,1.91603
9a603f7f273de443008eaffff70aaea5390eb2ad,Append100KIntegersINSERTDisk,2,1.937458
9a603f7f273de443008eaffff70aaea5390eb2ad,Append100KIntegersINSERTDisk,3,1.947556
9a603f7f273de443008eaffff70aaea5390eb2ad,Append100KIntegersINSERTDisk,4,1.936182
9a603f7f273de443008eaffff70aaea5390eb2ad,Multiplication,0,0.099488
9a603f7f273de443008eaffff70aaea5390eb2ad,Multiplication,1,0.101051
9a603f7f273de443008eaffff70aaea5390eb2ad,Multiplication,2,0.099999
9a603f7f273de443008eaffff70aaea5390eb2ad,Multiplication,3,0.100964
9a603f7f273de443008eaffff70aaea5390eb2ad,Multiplication,4,0.099945
9a603f7f273de443008eaffff70aaea5390eb2ad,Q11,0,0.051975
9a603f7f273de443008eaffff70aaea5390eb2ad,Q11,1,0.055231
9a603f7f273de443008eaffff70aaea5390eb2ad,Q11,2,0.055352
9a603f7f273de443008eaffff70aaea5390eb2ad,Q11,3,0.051797
9a603f7f273de443008eaffff70aaea5390eb2ad,Q11,4,0.054506
9a603f7f273de443008eaffff70aaea5390eb2ad,DSQ009,0,0.414433
9a603f7f273de443008eaffff70aaea5390eb2ad,DSQ009,1,0.418718
9a603f7f273de443008eaffff70aaea5390eb2ad,DSQ009,2,0.415206
9a603f7f273de443008eaffff70aaea5390eb2ad,DSQ009,3,0.422565
9a603f7f273de443008eaffff70aaea5390eb2ad,DSQ009,4,0.417489
9a603f7f273de443008eaffff70aaea5390eb2ad,DSQ101,0,T
9a603f7f273de443008eaffff70aaea5390eb2ad,LineitemSimpleAggregate,0,0.014527
9a603f7f273de443008eaffff70aaea5390eb2ad,LineitemSimpleAggregate,1,0.016999
9a603f7f273de443008eaffff70aaea5390eb2ad,LineitemSimpleAggregate,2,0.014585
9a603f7f273de443008eaffff70aaea5390eb2ad,LineitemSimpleAggregate,3,0.01729
9a603f7f273de443008eaffff70aaea5390eb2ad,LineitemSimpleAggregate,4,0.014527
9a603f7f273de443008eaffff70aaea5390eb2ad,DSQ087,0,0.225366
9a603f7f273de443008eaffff70aaea5390eb2ad,DSQ087,1,0.225273
9a603f7f273de443008eaffff70aaea5390eb2ad,DSQ087,2,0.228498
9a603f7f273de443008eaffff70aaea5390eb2ad,DSQ087,3,0.225622
9a603f7f273de443008eaffff70aaea5390eb2ad,DSQ087,4,0.227228
9a603f7f273de443008eaffff70aaea5390eb2ad,DSQ001,0,0.084496
9a603f7f273de443008eaffff70aaea5390eb2ad,DSQ001,1,0.084722
9a603f7f273de443008eaffff70aaea5390eb2ad,DSQ001,2,0.084994
9a603f7f273de443008eaffff70aaea5390eb2ad,DSQ001,3,0.084862
9a603f7f273de443008eaffff70aaea5390eb2ad,DSQ001,4,0.087838
9a603f7f273de443008eaffff70aaea5390eb2ad,DSQ019,0,3.888788
9a603f7f273de443008eaffff70aaea5390eb2ad,DSQ019,1,3.83253
9a603f7f273de443008eaffff70aaea5390eb2ad,DSQ019,2,3.832269
9a603f7f273de443008eaffff70aaea5390eb2ad,DSQ019,3,3.826779
9a603f7f273de443008eaffff70aaea5390eb2ad,DSQ019,4,3.837679
9a603f7f273de443008eaffff70aaea5390eb2ad,DSQ052,0,0.990605
9a603f7f273de443008eaffff70aaea5390eb2ad,DSQ052,1,0.993776
9a603f7f273de443008eaffff70aaea5390eb2ad,DSQ052,2,0.973164
9a603f7f273de443008eaffff70aaea5390eb2ad,DSQ052,3,1.000409
9a603f7f273de443008eaffff70aaea5390eb2ad,DSQ052,4,0.986653
9a603f7f273de443008eaffff70aaea5390eb2ad,LineitemGroupStringAggregate,0,0.223471
9a603f7f273de443008eaffff70aaea5390eb2ad,LineitemGroupStringAggregate,1,0.225527
9a603f7f273de443008eaffff70aaea5390eb2ad,LineitemGroupStringAggregate,2,0.222566
9a603f7f273de443008eaffff70aaea5390eb2ad,LineitemGroupStringAggregate,3,0.225055
9a603f7f273de443008eaffff70aaea5390eb2ad,LineitemGroupStringAggregate,4,0.218887
9a603f7f273de443008eaffff70aaea5390eb2ad,DSQ067,0,0.195053
9a603f7f273de443008eaffff70aaea5390eb2ad,DSQ067,1,0.192808
9a603f7f273de443008eaffff70aaea5390eb2ad,DSQ067,2,0.193244
9a603f7f273de443008eaffff70aaea5390eb2ad,DSQ067,3,0.194737
9a603f7f273de443008eaffff70aaea5390eb2ad,DSQ067,4,0.186611
9a603f7f273de443008eaffff70aaea5390eb2ad,Q08,0,0.783454
9a603f7f273de443008eaffff70aaea5390eb2ad,Q08,1,0.778537
9a603f7f273de443008eaffff70aaea5390eb2ad,Q08,2,0.788964
9a603f7f273de443008eaffff70aaea5390eb2ad,Q08,3,0.788603
9a603f7f273de443008eaffff70aaea5390eb2ad,Q08,4,0.783177
9a603f7f273de443008eaffff70aaea5390eb2ad,DSQ014,0,29.794847
9a603f7f273de443008eaffff70aaea5390eb2ad,DSQ014,1,29.470978
9a603f7f273de443008eaffff70aaea5390eb2ad,DSQ014,2,29.733868
9a603f7f273de443008eaffff70aaea5390eb2ad,DSQ014,3,29.547098
9a603f7f273de443008eaffff70aaea5390eb2ad,DSQ014,4,29.502376
9a603f7f273de443008eaffff70aaea5390eb2ad,DSQ026,0,0.654007
9a603f7f273de443008eaffff70aaea5390eb2ad,DSQ026,1,0.650008
9a603f7f273de443008eaffff70aaea5390eb2ad,DSQ026,2,0.661068
9a603f7f273de443008eaffff70aaea5390eb2ad,DSQ026,3,0.660747
9a603f7f273de443008eaffff70aaea5390eb2ad,DSQ026,4,0.672136
9a603f7f273de443008eaffff70aaea5390eb2ad,DSQ029,0,0.001253
9a603f7f273de443008eaffff70aaea5390eb2ad,DSQ029,1,0.001234
9a603f7f273de443008eaffff70aaea5390eb2ad,DSQ029,2,0.001984
9a603f7f273de443008eaffff70aaea5390eb2ad,DSQ029,3,0.002397
9a603f7f273de443008eaffff70aaea5390eb2ad,DSQ029,4,0.002959
9a603f7f273de443008eaffff70aaea5390eb2ad,InList0512Entry,0,0.643303
9a603f7f273de443008eaffff70aaea5390eb2ad,InList0512Entry,1,0.531568
9a603f7f273de443008eaffff70aaea5390eb2ad,InList0512Entry,2,0.5311
9a603f7f273de443008eaffff70aaea5390eb2ad,InList0512Entry,3,0.51692
9a603f7f273de443008eaffff70aaea5390eb2ad,InList0512Entry,4,0.538673
9a603f7f273de443008eaffff70aaea5390eb2ad,DSQ054,0,0.827683
9a603f7f273de443008eaffff70aaea5390eb2ad,DSQ054,1,0.824607
9a603f7f273de443008eaffff70aaea5390eb2ad,DSQ054,2,0.821286
9a603f7f273de443008eaffff70aaea5390eb2ad,DSQ054,3,0.83263
9a603f7f273de443008eaffff70aaea5390eb2ad,DSQ054,4,0.816752
9a603f7f273de443008eaffff70aaea5390eb2ad,DSQ085,0,0.064239
9a603f7f273de443008eaffff70aaea5390eb2ad,DSQ085,1,0.061791
9a603f7f273de443008eaffff70aaea5390eb2ad,DSQ085,2,0.064167
9a603f7f273de443008eaffff70aaea5390eb2ad,DSQ085,3,0.063908
9a603f7f273de443008eaffff70aaea5390eb2ad,DSQ085,4,0.062335
9a603f7f273de443008eaffff70aaea5390eb2ad,InList0002Entry,0,0.113443
9a603f7f273de443008eaffff70aaea5390eb2ad,InList0002Entry,1,0.142637
9a603f7f273de443008eaffff70aaea5390eb2ad,InList0002Entry,2,0.10775
9a603f7f273de443008eaffff70aaea5390eb2ad,InList0002Entry,3,0.118292
9a603f7f273de443008eaffff70aaea5390eb2ad,InList0002Entry,4,0.111424
9a603f7f273de443008eaffff70aaea5390eb2ad,DSQ098,0,0.437176
9a603f7f273de443008eaffff70aaea5390eb2ad,DSQ098,1,0.433835
9a603f7f273de443008eaffff70aaea5390eb2ad,DSQ098,2,0.423168
9a603f7f273de443008eaffff70aaea5390eb2ad,DSQ098,3,0.437522
9a603f7f273de443008eaffff70aaea5390eb2ad,DSQ098,4,0.425636
9a603f7f273de443008eaffff70aaea5390eb2ad,DSQ096,0,0.077703
9a603f7f273de443008eaffff70aaea5390eb2ad,DSQ096,1,0.077666
9a603f7f273de443008eaffff70aaea5390eb2ad,DSQ096,2,0.076511
9a603f7f273de443008eaffff70aaea5390eb2ad,DSQ096,3,0.077884
9a603f7f273de443008eaffff70aaea5390eb2ad,DSQ096,4,0.077487
9a603f7f273de443008eaffff70aaea5390eb2ad,OrderBySingleColumn,0,0.045904
9a603f7f273de443008eaffff70aaea5390eb2ad,OrderBySingleColumn,1,0.040814
9a603f7f273de443008eaffff70aaea5390eb2ad,OrderBySingleColumn,2,0.041415
9a603f7f273de443008eaffff70aaea5390eb2ad,OrderBySingleColumn,3,0.041694
9a603f7f273de443008eaffff70aaea5390eb2ad,OrderBySingleColumn,4,0.040795
9a603f7f273de443008eaffff70aaea5390eb2ad,DSQ078,0,3.4873
9a603f7f273de443008eaffff70aaea5390eb2ad,DSQ078,1,3.484006
9a603f7f273de443008eaffff70aaea5390eb2ad,DSQ078,2,3.48165
9a603f7f273de443008eaffff70aaea5390eb2ad,DSQ078,3,3.48597
9a603f7f273de443008eaffff70aaea5390eb2ad,DSQ078,4,3.492973
9a603f7f273de443008eaffff70aaea5390eb2ad,DSQ095,0,0.114064
9a603f7f273de443008eaffff70aaea5390eb2ad,DSQ095,1,0.11522
9a603f7f273de443008eaffff70aaea5390eb2ad,DSQ095,2,0.112958
9a603f7f273de443008eaffff70aaea5390eb2ad,DSQ095,3,0.112065
9a603f7f273de443008eaffff70aaea5390eb2ad,DSQ095,4,0.113435
9a603f7f273de443008eaffff70aaea5390eb2ad,RangeQueryWithoutIndex,0,0.674034
9a603f7f273de443008eaffff70aaea5390eb2ad,RangeQueryWithoutIndex,1,0.67598
9a603f7f273de443008eaffff70aaea5390eb2ad,RangeQueryWithoutIndex,2,0.680016
9a603f7f273de443008eaffff70aaea5390eb2ad,RangeQueryWithoutIndex,3,0.675709
9a603f7f273de443008eaffff70aaea5390eb2ad,RangeQueryWithoutIndex,4,0.688332
9a603f7f273de443008eaffff70aaea5390eb2ad,Append100KIntegersINSERTAutoCommit,0,2.43479
9a603f7f273de443008eaffff70aaea5390eb2ad,Append100KIntegersINSERTAutoCommit,1,2.429338
9a603f7f273de443008eaffff70aaea5390eb2ad,Append100KIntegersINSERTAutoCommit,2,2.444059
9a603f7f273de443008eaffff70aaea5390eb2ad,Append100KIntegersINSERTAutoCommit,3,2.425665
9a603f7f273de443008eaffff70aaea5390eb2ad,Append100KIntegersINSERTAutoCommit,4,2.428836
9a603f7f273de443008eaffff70aaea5390eb2ad,DSQ060,0,0.180535
9a603f7f273de443008eaffff70aaea5390eb2ad,DSQ060,1,0.179605
9a603f7f273de443008eaffff70aaea5390eb2ad,DSQ060,2,0.17353
9a603f7f273de443008eaffff70aaea5390eb2ad,DSQ060,3,0.177658
9a603f7f273de443008eaffff70aaea5390eb2ad,DSQ060,4,0.175164
9a603f7f273de443008eaffff70aaea5390eb2ad,DSQ049,0,0.098375
9a603f7f273de443008eaffff70aaea5390eb2ad,DSQ049,1,0.095472
9a603f7f273de443008eaffff70aaea5390eb2ad,DSQ049,2,0.096298
9a603f7f273de443008eaffff70aaea5390eb2ad,DSQ049,3,0.092845
9a603f7f273de443008eaffff70aaea5390eb2ad,DSQ049,4,0.097984
9a603f7f273de443008eaffff70aaea5390eb2ad,Q10,0,0.665636
9a603f7f273de443008eaffff70aaea5390eb2ad,Q10,1,0.661352
9a603f7f273de443008eaffff70aaea5390eb2ad,Q10,2,0.669285
9a603f7f273de443008eaffff70aaea5390eb2ad,Q10,3,0.66376
9a603f7f273de443008eaffff70aaea5390eb2ad,Q10,4,0.663345
9a603f7f273de443008eaffff70aaea5390eb2ad,DSQ093,0,0.252532
9a603f7f273de443008eaffff70aaea5390eb2ad,DSQ093,1,0.25402
9a603f7f273de443008eaffff70aaea5390eb2ad,DSQ093,2,0.254416
9a603f7f273de443008eaffff70aaea5390eb2ad,DSQ093,3,0.254532
9a603f7f273de443008eaffff70aaea5390eb2ad,DSQ093,4,0.255722
9a603f7f273de443008eaffff70aaea5390eb2ad,DSQ070,0,0.700187
9a603f7f273de443008eaffff70aaea5390eb2ad,DSQ070,1,0.677161
9a603f7f273de443008eaffff70aaea5390eb2ad,DSQ070,2,0.68017
9a603f7f273de443008eaffff70aaea5390eb2ad,DSQ070,3,0.664918
9a603f7f273de443008eaffff70aaea5390eb2ad,DSQ070,4,0.695223
9a603f7f273de443008eaffff70aaea5390eb2ad,DSQ018,0,0.227096
9a603f7f273de443008eaffff70aaea5390eb2ad,DSQ018,1,0.223817
9a603f7f273de443008eaffff70aaea5390eb2ad,DSQ018,2,0.22639
9a603f7f273de443008eaffff70aaea5390eb2ad,DSQ018,3,0.22271
9a603f7f273de443008eaffff70aaea5390eb2ad,DSQ018,4,0.228431
9a603f7f273de443008eaffff70aaea5390eb2ad,DSQ094,0,0.048497
9a603f7f273de443008eaffff70aaea5390eb2ad,DSQ094,1,0.0487
9a603f7f273de443008eaffff70aaea5390eb2ad,DSQ094,2,0.048777
9a603f7f273de443008eaffff70aaea5390eb2ad,DSQ094,3,0.048702
9a603f7f273de443008eaffff70aaea5390eb2ad,DSQ094,4,0.048796
